GeoFips,GeoName,2017,2018,2019,2020,2021,2022
00998,United States (Metropolitan Portion),17619114703,18160699656,18625722380,18212598753,19311168551,19713767389
10180,"Abilene, TX (Metropolitan Statistical Area)",6827152,7141273,7426609,7354374,7573774,7894587
10420,"Akron, OH (Metropolitan Statistical Area)",36424857,36883382,37471099,36099097,37510049,37703093
10500,"Albany, GA (Metropolitan Statistical Area)",5693673,5702355,5839867,5797644,6068572,6096378
10540,"Albany-Lebanon, OR (Metropolitan Statistical Area)",4505965,4802294,4921026,4788775,4893295,4996612
10580,"Albany-Schenectady-Troy, NY (Metropolitan Statistical Area)",61024034,61119269,64250467,62574116,66759654,68358828
10740,"Albuquerque, NM (Metropolitan Statistical Area)",41881258,42671307,43913664,43194744,45285850,46217770
10780,"Alexandria, LA (Metropolitan Statistical Area)",6081708,6161095,6146501,6020969,6127753,6018123
10900,"Allentown-Bethlehem-Easton, PA-NJ (Metropolitan Statistical Area)",44541436,44764523,46551226,44681775,46291035,46645419
11020,"Altoona, PA (Metropolitan Statistical Area)",5849536,5944931,6080921,5915856,6114417,6106454
11100,"Amarillo, TX (Metropolitan Statistical Area)",13044032,13439341,13720828,13809049,14317913,14333013
11180,"Ames, IA (Metropolitan Statistical Area)",6445208,6563479,6654268,6569456,6851748,6824887
11260,"Anchorage, AK (Metropolitan Statistical Area)",25842697,26029809,25950062,25373518,26090195,26076646
11460,"Ann Arbor, MI (Metropolitan Statistical Area)",24040003,24649772,25481406,24988323,26314261,26780892
11500,"Anniston-Oxford, AL (Metropolitan Statistical Area)",4244400,4342966,4555074,4461364,4624647,4608415
11540,"Appleton, WI (Metropolitan Statistical Area)",13810008,14241692,14583478,13938476,14309091,14195868
11700,"Asheville, NC (Metropolitan Statistical Area)",19857995,20527515,21417415,20262554,21458369,22106552
12020,"Athens-Clarke County, GA (Metropolitan Statistical Area)",9980018,10330759,10263944,9826824,10364639,10603877
12060,"Atlanta-Sandy Springs-Alpharetta, GA (Metropolitan Statistical Area)",398208502,413028711,429945844,414749739,442449357,455333217
12100,"Atlantic City-Hammonton, NJ (Metropolitan Statistical Area)",13521560,13616155,13791800,12986077,14017564,14199892
12220,"Auburn-Opelika, AL (Metropolitan Statistical Area)",6138724,6112260,6342058,6187153,6561345,6860502
12260,"Augusta-Richmond County, GA-SC (Metropolitan Statistical Area)",27076189,27499759,27974192,27765735,28260356,28397603
12420,"Austin-Round Rock-Georgetown, TX (Metropolitan Statistical Area)",141102903,149306992,158684309,163074856,180240561,193632474
12540,"Bakersfield, CA (Metropolitan Statistical Area)",43812095,43894460,45414089,45439983,45334031,43822046
12580,"Baltimore-Columbia-Towson, MD (Metropolitan Statistical Area)",198332437,200409767,201674700,194651261,204204808,208025373
12620,"Bangor, ME (Metropolitan Statistical Area)",6360893,6599941,6762485,6783030,7003554,7141018
12700,"Barnstable Town, MA (Metropolitan Statistical Area)",12764776,13042121,13537095,12654827,13490964,13771725
12940,"Baton Rouge, LA (Metropolitan Statistical Area)",52326375,55749428,54607468,50510254,51156830,51649199
12980,"Battle Creek, MI (Metropolitan Statistical Area)",6450941,6467348,6411827,6372022,6912586,6984617
13020,"Bay City, MI (Metropolitan Statistical Area)",3539706,3631822,3535699,3549806,3841031,3851098
13140,"Beaumont-Port Arthur, TX (Metropolitan Statistical Area)",24454169,25657246,25098948,21736691,22261112,21846800
13220,"Beckley, WV (Metropolitan Statistical Area)",3990112,4064980,4184828,3918031,4023333,4237478
13380,"Bellingham, WA (Metropolitan Statistical Area)",11651236,12557637,13655023,14158405,14284199,13584365
13460,"Bend, OR (Metropolitan Statistical Area)",9523750,9881699,10463829,10479459,11519814,11781026
13740,"Billings, MT (Metropolitan Statistical Area)",10233635,10293847,10047428,9851083,10488730,10149285
13780,"Binghamton, NY (Metropolitan Statistical Area)",10763033,10788110,11024592,10409823,10715948,10773238
13820,"Birmingham-Hoover, AL (Metropolitan Statistical Area)",60645897,61853013,62865011,62129272,65260617,66208546
13900,"Bismarck, ND (Metropolitan Statistical Area)",7656673,7518448,7452829,7152114,7387662,7256824
13980,"Blacksburg-Christiansburg, VA (Metropolitan Statistical Area) *",7016349,7365216,7264354,7052736,7598638,7911246
14010,"Bloomington, IL (Metropolitan Statistical Area)",14476949,14530626,14906310,12328380,12368351,12402490
14020,"Bloomington, IN (Metropolitan Statistical Area)",7406889,7670488,7588407,7282855,7517075,7783998
14100,"Bloomsburg-Berwick, PA (Metropolitan Statistical Area)",4409987,4390928,4502269,4284974,4464452,4557086
14260,"Boise City, ID (Metropolitan Statistical Area)",32266790,34798490,36495225,37045260,40145338,42279241
14460,"Boston-Cambridge-Newton, MA-NH (Metropolitan Statistical Area)",433844401,451335935,467519922,460535204,492998949,504104614
14500,"Boulder, CO (Metropolitan Statistical Area) *",26255861,27218834,29675687,29149041,31164647,32366443
14540,"Bowling Green, KY (Metropolitan Statistical Area)",7184469,7130833,7484003,7421699,7933371,8338292
14740,"Bremerton-Silverdale-Port Orchard, WA (Metropolitan Statistical Area)",11972570,12262750,12396819,12734085,13081004,13211612
14860,"Bridgeport-Stamford-Norwalk, CT (Metropolitan Statistical Area)",91838477,90874828,88934335,83855524,87235525,90361060
15180,"Brownsville-Harlingen, TX (Metropolitan Statistical Area)",10734203,10950425,11200319,10912927,11660469,12032752
15260,"Brunswick, GA (Metropolitan Statistical Area)",4534646,4697516,4615626,4508473,4810326,4906786
15380,"Buffalo-Cheektowaga, NY (Metropolitan Statistical Area)",66331075,66983121,68811628,66831543,69328962,71301164
15500,"Burlington, NC (Metropolitan Statistical Area)",6087842,6124774,6295903,6302066,6674694,6674713
15540,"Burlington-South Burlington, VT (Metropolitan Statistical Area)",13704166,13933008,14192895,13681245,14582139,15014095
15680,"California-Lexington Park, MD (Metropolitan Statistical Area)",7354343,7391917,7535678,7859546,7844387,7671853
15940,"Canton-Massillon, OH (Metropolitan Statistical Area)",18122356,17881022,18191600,17171476,18081547,18083356
15980,"Cape Coral-Fort Myers, FL (Metropolitan Statistical Area)",31283529,32564768,33089321,33048241,35789303,37489983
16020,"Cape Girardeau, MO-IL (Metropolitan Statistical Area)",4326578,4420708,4430209,4281206,4422321,4416653
16060,"Carbondale-Marion, IL (Metropolitan Statistical Area)",5592572,5744517,5738902,5490804,5561229,5773378
16180,"Carson City, NV (Metropolitan Statistical Area)",3397457,3474293,3694536,3507173,3582260,3627950
16220,"Casper, WY (Metropolitan Statistical Area)",5594566,5920361,5678124,5070249,5001565,4988595
16300,"Cedar Rapids, IA (Metropolitan Statistical Area)",18322704,18657739,18307608,17878743,18846932,18854040
16540,"Chambersburg-Waynesboro, PA (Metropolitan Statistical Area)",6302357,6400028,6238670,5947734,6101218,6162110
16580,"Champaign-Urbana, IL (Metropolitan Statistical Area)",11567426,11476322,11607622,11410051,11817541,12084721
16620,"Charleston, WV (Metropolitan Statistical Area)",12811681,13532732,12864407,12063490,12391989,12566527
16700,"Charleston-North Charleston, SC (Metropolitan Statistical Area)",41712863,43397855,45108303,44302237,46532802,48651423
16740,"Charlotte-Concord-Gastonia, NC-SC (Metropolitan Statistical Area)",168119917,171575711,177257582,179456155,190503528,194261991
16820,"Charlottesville, VA (Metropolitan Statistical Area) *",13408130,13679393,13743783,13188918,14344675,14820039
16860,"Chattanooga, TN-GA (Metropolitan Statistical Area)",29616001,29878030,30328402,30203799,32135319,34002507
16940,"Cheyenne, WY (Metropolitan Statistical Area)",5428708,5727043,6009411,5664112,5986116,5846867
16980,"Chicago-Naperville-Elgin, IL-IN-WI (Metropolitan Statistical Area)",674568186,691185754,697333633,659808286,696359946,705658963
17020,"Chico, CA (Metropolitan Statistical Area)",9181452,9272932,9447628,8878582,9070391,9106972
17140,"Cincinnati, OH-KY-IN (Metropolitan Statistical Area)",145242197,145312363,152466652,149378970,155513292,157023758
17300,"Clarksville, TN-KY (Metropolitan Statistical Area)",12303121,12435834,12615947,12692257,13491471,13632128
17420,"Cleveland, TN (Metropolitan Statistical Area)",4678425,4720435,4722087,4866520,5103060,5189432
17460,"Cleveland-Elyria, OH (Metropolitan Statistical Area)",128644607,130644968,133967383,129098200,135547013,138260106
17660,"Coeur d'Alene, ID (Metropolitan Statistical Area)",6045951,6422914,6575138,6883769,7661498,7948925
17780,"College Station-Bryan, TX (Metropolitan Statistical Area)",12461621,12996849,13580356,13563901,14174399,14510248
17820,"Colorado Springs, CO (Metropolitan Statistical Area)",35086959,36241661,37712025,38854813,40926166,41331392
17860,"Columbia, MO (Metropolitan Statistical Area)",9957674,10019553,10422519,10111109,10610366,10611705
17900,"Columbia, SC (Metropolitan Statistical Area)",41010232,41651691,42416718,42243846,44430065,45542683
17980,"Columbus, GA-AL (Metropolitan Statistical Area)",14601270,14626897,14869675,14714617,14919089,14452429
18020,"Columbus, IN (Metropolitan Statistical Area)",6366981,6845733,6780298,6283094,6538720,6996930
18140,"Columbus, OH (Metropolitan Statistical Area)",129945459,131537720,135606719,134047931,143197874,144464484
18580,"Corpus Christi, TX (Metropolitan Statistical Area)",21073008,21758642,22343137,21358158,22092132,21041917
18700,"Corvallis, OR (Metropolitan Statistical Area)",4318847,4519396,4601570,4518078,4721965,4770134
18880,"Crestview-Fort Walton Beach-Destin, FL (Metropolitan Statistical Area)",14385761,14991042,15862463,16298081,17870178,18345980
19060,"Cumberland, MD-WV (Metropolitan Statistical Area)",3790007,3852561,3866718,3733268,3745774,3663150
19100,"Dallas-Fort Worth-Arlington, TX (Metropolitan Statistical Area)",483732021,506219605,525852321,519282910,560290164,592452179
19140,"Dalton, GA (Metropolitan Statistical Area)",6885582,6843613,6878107,6669749,7034767,7267848
19180,"Danville, IL (Metropolitan Statistical Area)",3203166,3211115,3200616,3045323,3155857,3225783
19300,"Daphne-Fairhope-Foley, AL (Metropolitan Statistical Area)",7382558,7758980,8148786,8102009,8738819,8924207
19340,"Davenport-Moline-Rock Island, IA-IL (Metropolitan Statistical Area)",21554709,21409425,21587953,21147871,21649139,21598562
19430,"Dayton-Kettering, OH (Metropolitan Statistical Area)",42546733,43183270,44585566,43928550,45492566,45837053
19460,"Decatur, AL (Metropolitan Statistical Area)",6090215,6217087,6171068,6296611,6432853,6596915
19500,"Decatur, IL (Metropolitan Statistical Area)",6950487,6752927,6477282,6303815,6870929,7020859
19660,"Deltona-Daytona Beach-Ormond Beach, FL (Metropolitan Statistical Area)",20582041,21185572,21617720,21845414,23013290,23588133
19740,"Denver-Aurora-Lakewood, CO (Metropolitan Statistical Area) *",202210170,211192596,222301876,223271130,239402096,249653294
19780,"Des Moines-West Des Moines, IA (Metropolitan Statistical Area)",51811153,51930218,53815922,55169453,58996258,57782839
19820,"Detroit-Warren-Dearborn, MI (Metropolitan Statistical Area)",256207316,261548084,261186301,250060724,264723150,269531726
20020,"Dothan, AL (Metropolitan Statistical Area)",6355776,6409091,6541798,6593419,6848500,6715726
20100,"Dover, DE (Metropolitan Statistical Area)",7633026,7813320,8384005,8000617,8254518,8312232
20220,"Dubuque, IA (Metropolitan Statistical Area)",6389591,6378942,6624026,6772031,7048913,6866230
20260,"Duluth, MN-WI (Metropolitan Statistical Area)",13554938,13868115,14152130,13420343,13889180,13820933
20500,"Durham-Chapel Hill, NC (Metropolitan Statistical Area)",46431099,48726823,50043513,51328512,54380184,56136888
20700,"East Stroudsburg, PA (Metropolitan Statistical Area)",7597383,7669423,8263470,7897182,8360429,8325939
20740,"Eau Claire, WI (Metropolitan Statistical Area)",8949759,9144818,9337250,8846127,9138281,9188956
20940,"El Centro, CA (Metropolitan Statistical Area)",8039122,8000968,8285950,8639503,8201308,8517940
21060,"Elizabethtown-Fort Knox, KY (Metropolitan Statistical Area)",5939236,5878170,6049395,5967831,6322973,6411278
21140,"Elkhart-Goshen, IN (Metropolitan Statistical Area)",16441996,16607681,16064684,15661587,18720820,20013141
21300,"Elmira, NY (Metropolitan Statistical Area)",3691136,3741851,3743192,3525046,3632541,3638009
21340,"El Paso, TX (Metropolitan Statistical Area)",30409532,31352307,32635022,32605878,34497923,34909594
21420,"Enid, OK (Metropolitan Statistical Area)",2849100,2805923,2795832,2632022,2774090,2707603
21500,"Erie, PA (Metropolitan Statistical Area)",11500326,11600425,11677494,10980387,11164431,11189002
21660,"Eugene-Springfield, OR (Metropolitan Statistical Area)",15867405,16302256,16363906,16258193,17375993,17551013
21780,"Evansville, IN-KY (Metropolitan Statistical Area)",17861300,18372489,19411702,18468389,20100003,19588954
21820,"Fairbanks, AK (Metropolitan Statistical Area)",5765988,5667136,5668703,5462327,5646088,5532492
22020,"Fargo, ND-MN (Metropolitan Statistical Area)",14963357,15069720,15405125,14904121,15636755,15647269
22140,"Farmington, NM (Metropolitan Statistical Area)",5756828,5571010,5623271,5198248,5137504,5170931
22180,"Fayetteville, NC (Metropolitan Statistical Area)",20429752,20637146,21116877,21156903,21991344,21818187
22220,"Fayetteville-Springdale-Rogers, AR (Metropolitan Statistical Area)",26264981,27042602,27665953,28797244,31427375,32339332
22380,"Flagstaff, AZ (Metropolitan Statistical Area)",7898455,7901190,7675239,6954326,7483588,7696628
22420,"Flint, MI (Metropolitan Statistical Area)",15931552,16335674,16614426,15314342,15693584,15582622
22500,"Florence, SC (Metropolitan Statistical Area)",9628359,9651397,9847112,9613005,9919433,9903479
22520,"Florence-Muscle Shoals, AL (Metropolitan Statistical Area)",5105162,5215298,5216676,5157194,5305740,5408088
22540,"Fond du Lac, WI (Metropolitan Statistical Area)",5100413,5214222,5278635,5020548,5150611,5174306
22660,"Fort Collins, CO (Metropolitan Statistical Area)",18593761,19479555,20425737,20431541,21886159,22240217
22900,"Fort Smith, AR-OK (Metropolitan Statistical Area)",9252836,9477180,9627289,9527869,9841496,10013526
23060,"Fort Wayne, IN (Metropolitan Statistical Area)",22444587,23295008,23463172,21765351,23326616,24291646
23420,"Fresno, CA (Metropolitan Statistical Area)",42568888,43779278,44985158,44298577,45813064,45388356
23460,"Gadsden, AL (Metropolitan Statistical Area)",3095515,3131025,3067345,2835555,2900784,2924073
23540,"Gainesville, FL (Metropolitan Statistical Area)",14483506,14965419,15335342,15386140,16325859,16690497
23580,"Gainesville, GA (Metropolitan Statistical Area)",10517593,11029043,11294935,11587468,12133816,12920593
23900,"Gettysburg, PA (Metropolitan Statistical Area)",4038383,3939119,3856485,3657037,3773754,3691765
24020,"Glens Falls, NY (Metropolitan Statistical Area)",6115481,6111027,6491649,6375126,6675211,6720621
24140,"Goldsboro, NC (Metropolitan Statistical Area)",4893997,4869720,4868486,4745323,4947218,4950904
24220,"Grand Forks, ND-MN (Metropolitan Statistical Area)",5409304,5431145,5474118,5323252,5441765,5368617
24260,"Grand Island, NE (Metropolitan Statistical Area)",4050138,4106450,4122827,4078165,4450402,4402217
24300,"Grand Junction, CO (Metropolitan Statistical Area)",6404009,6686313,6825311,6634541,6885621,6892730
24340,"Grand Rapids-Kentwood, MI (Metropolitan Statistical Area)",58890732,60849854,61033814,60201782,64352072,65941106
24420,"Grants Pass, OR (Metropolitan Statistical Area)",2650085,2764830,2946930,2897886,3049886,3055792
24500,"Great Falls, MT (Metropolitan Statistical Area)",3715757,3765477,3719741,3680001,3780633,3857222
24540,"Greeley, CO (Metropolitan Statistical Area) *",18534036,20592662,21722559,19737477,20178684,18410721
24580,"Green Bay, WI (Metropolitan Statistical Area)",20005038,20648388,20744835,20180973,20603639,20814767
24660,"Greensboro-High Point, NC (Metropolitan Statistical Area)",41215571,41409745,41097715,39588474,41004184,41405551
24780,"Greenville, NC (Metropolitan Statistical Area)",9658131,9399113,9293680,8989861,9243013,9399400
24860,"Greenville-Anderson, SC (Metropolitan Statistical Area)",43798842,45521410,46232392,45145826,47174321,48530348
25060,"Gulfport-Biloxi, MS (Metropolitan Statistical Area)",17329568,16998219,17452637,17818342,18617250,18726497
25180,"Hagerstown-Martinsburg, MD-WV (Metropolitan Statistical Area)",11326919,11663887,11464680,10918927,11597559,11561095
25220,"Hammond, LA (Metropolitan Statistical Area)",4086210,4096259,4338972,4222957,4382166,4299158
25260,"Hanford-Corcoran, CA (Metropolitan Statistical Area)",6443298,6336899,6453745,6550767,6591539,6607669
25420,"Harrisburg-Carlisle, PA (Metropolitan Statistical Area)",38684588,39391581,40622816,38618383,40605053,40958399
25500,"Harrisonburg, VA (Metropolitan Statistical Area) *",7664982,7859692,7984577,7590097,8204969,8693159
25540,"Hartford-East Hartford-Middletown, CT (Metropolitan Statistical Area)",100616750,100887989,101367875,93964687,97900840,100979358
25620,"Hattiesburg, MS (Metropolitan Statistical Area)",6262313,6249222,6147668,6054546,6488415,6536818
25860,"Hickory-Lenoir-Morganton, NC (Metropolitan Statistical Area)",15103484,14923589,14772281,14427958,14896449,15129685
25940,"Hilton Head Island-Bluffton, SC (Metropolitan Statistical Area)",8876622,9319395,9661382,9965023,10392469,10487742
25980,"Hinesville, GA (Metropolitan Statistical Area)",3790848,3833459,3849010,3756922,4070118,4007477
26140,"Homosassa Springs, FL (Metropolitan Statistical Area)",3704389,3890477,4147491,4208962,4459685,4615213
26300,"Hot Springs, AR (Metropolitan Statistical Area)",3297461,3379134,3432909,3396356,3488827,3498943
26380,"Houma-Thibodaux, LA (Metropolitan Statistical Area)",9241061,9579891,9539175,8952035,8820956,8814465
26420,"Houston-The Woodlands-Sugar Land, TX (Metropolitan Statistical Area)",470676136,491166782,484359415,476638820,500984295,513276462
26580,"Huntington-Ashland, WV-KY-OH (Metropolitan Statistical Area)",14669576,15381602,15630673,14396110,14700886,14598031
26620,"Huntsville, AL (Metropolitan Statistical Area)",27520607,28602244,30151314,30667180,32306829,33486281
26820,"Idaho Falls, ID (Metropolitan Statistical Area)",7361547,8111156,8949739,9008901,9137295,9286522
26900,"Indianapolis-Carmel-Anderson, IN (Metropolitan Statistical Area)",135881902,140736192,144383679,142339466,151510429,156532528
26980,"Iowa City, IA (Metropolitan Statistical Area)",10820185,10918793,10828353,10362584,10662671,10765770
27060,"Ithaca, NY (Metropolitan Statistical Area)",6140234,6184849,6298392,5770441,6003916,6333133
27100,"Jackson, MI (Metropolitan Statistical Area)",5986766,6319957,6546808,6366847,6877822,6764879
27140,"Jackson, MS (Metropolitan Statistical Area)",27649880,27640828,27543835,27363955,28383035,28663045
27180,"Jackson, TN (Metropolitan Statistical Area)",8258298,8289197,8394582,8283691,8839508,8846033
27260,"Jacksonville, FL (Metropolitan Statistical Area)",80341696,82993748,86377683,87856849,94322715,99472666
27340,"Jacksonville, NC (Metropolitan Statistical Area)",8335011,8412503,8565803,8669727,9098987,9039244
27500,"Janesville-Beloit, WI (Metropolitan Statistical Area)",6935931,7300585,7509709,7466909,7687625,7784497
27620,"Jefferson City, MO (Metropolitan Statistical Area)",7593521,7670253,8094729,7874225,7720115,8053746
27740,"Johnson City, TN (Metropolitan Statistical Area)",7311684,7446435,7651759,7689661,8241669,8359541
27780,"Johnstown, PA (Metropolitan Statistical Area)",4692840,4697005,4682004,4615588,4626528,4606726
27860,"Jonesboro, AR (Metropolitan Statistical Area)",5105989,5234530,5408759,5458361,5936950,5798774
27900,"Joplin, MO (Metropolitan Statistical Area)",7558956,7656330,7580755,7268671,7600313,7723879
27980,"Kahului-Wailuku-Lahaina, HI (Metropolitan Statistical Area)",9606468,10183573,10407877,8558733,9459908,9692556
28020,"Kalamazoo-Portage, MI (Metropolitan Statistical Area)",13678676,14546835,14955523,15060387,16058496,16352859
28100,"Kankakee, IL (Metropolitan Statistical Area)",5940652,6332562,6262410,6140372,6679390,6876837
28140,"Kansas City, MO-KS (Metropolitan Statistical Area)",133753933,136390868,139724576,137218306,141666330,145950370
28420,"Kennewick-Richland, WA (Metropolitan Statistical Area)",14688220,15221366,15745176,15402986,16192367,16207971
28660,"Killeen-Temple, TX (Metropolitan Statistical Area)",18366880,18495677,18834637,19166630,19966937,20162704
28700,"Kingsport-Bristol, TN-VA (Metropolitan Statistical Area) *",13292994,13679790,13316989,13289225,14303997,14831190
28740,"Kingston, NY (Metropolitan Statistical Area)",7233714,7326583,7630419,7196814,7429326,7659189
28940,"Knoxville, TN (Metropolitan Statistical Area)",43011276,44070389,44952370,45119424,48680233,50422455
29020,"Kokomo, IN (Metropolitan Statistical Area)",4279358,4391576,4386884,4135308,4497728,4951309
29100,"La Crosse-Onalaska, WI-MN (Metropolitan Statistical Area)",7962972,8098515,8213299,7905209,8136049,8117361
29180,"Lafayette, LA (Metropolitan Statistical Area)",21115560,22041983,21834533,20926340,21202980,21023124
29200,"Lafayette-West Lafayette, IN (Metropolitan Statistical Area)",11076645,11727598,11805244,11106663,11485626,12090003
29340,"Lake Charles, LA (Metropolitan Statistical Area)",16643123,16397626,16834958,13625578,14249067,13299124
29420,"Lake Havasu City-Kingman, AZ (Metropolitan Statistical Area)",5323399,5437354,5639351,5773611,6269010,6257347
29460,"Lakeland-Winter Haven, FL (Metropolitan Statistical Area)",25742485,26450032,27402843,28204116,29827560,30523799
29540,"Lancaster, PA (Metropolitan Statistical Area)",28779773,29307162,29549059,28301522,29558896,29968719
29620,"Lansing-East Lansing, MI (Metropolitan Statistical Area)",25569757,26063562,26363111,26157187,27549292,28450372
29700,"Laredo, TX (Metropolitan Statistical Area)",11313473,10859468,11389246,11017375,11380569,11679742
29740,"Las Cruces, NM (Metropolitan Statistical Area)",7305489,7447694,7720349,7420783,7869402,7901515
29820,"Las Vegas-Henderson-Paradise, NV (Metropolitan Statistical Area)",116332382,122721414,128047468,117201658,129198324,135989358
29940,"Lawrence, KS (Metropolitan Statistical Area)",4987674,5123305,5148011,5029137,5178674,5219845
30020,"Lawton, OK (Metropolitan Statistical Area)",5191990,5143664,5233018,5097650,5281857,5187670
30140,"Lebanon, PA (Metropolitan Statistical Area)",5749659,5825113,5826855,5657333,6021295,6130358
30300,"Lewiston, ID-WA (Metropolitan Statistical Area)",2618835,2610148,2756455,2795349,2927355,2979199
30340,"Lewiston-Auburn, ME (Metropolitan Statistical Area)",4503370,4703346,4811181,5018298,5044783,4975728
30460,"Lexington-Fayette, KY (Metropolitan Statistical Area)",28671245,29465225,30025380,28847390,29679198,30453117
30620,"Lima, OH (Metropolitan Statistical Area)",7711921,8163264,7724166,7584144,8363968,8256775
30700,"Lincoln, NE (Metropolitan Statistical Area)",19552170,19940034,20346438,20246348,20905354,21668598
30780,"Little Rock-North Little Rock-Conway, AR (Metropolitan Statistical Area)",36515427,37072057,37428270,37665927,39147275,39780911
30860,"Logan, UT-ID (Metropolitan Statistical Area)",5665636,6169276,6314872,6364778,6790728,6808904
30980,"Longview, TX (Metropolitan Statistical Area)",14585371,15385350,15222587,14448248,14959167,15441224
31020,"Longview, WA (Metropolitan Statistical Area)",4700051,4907501,5231999,5302398,5473446,5449102
31080,"Los Angeles-Long Beach-Anaheim, CA (Metropolitan Statistical Area)",965279922,991254189,1024821682,981305230,1042007410,1060496469
31140,"Louisville/Jefferson County, KY-IN (Metropolitan Statistical Area)",70802465,71637665,74328652,72916159,76188675,77452710
31180,"Lubbock, TX (Metropolitan Statistical Area)",13659578,14001212,14377087,14473223,14955602,15090414
31340,"Lynchburg, VA (Metropolitan Statistical Area) *",10060609,10501057,10494654,10064066,10465215,10492407
31420,"Macon-Bibb County, GA (Metropolitan Statistical Area)",10845986,11030811,10872787,10132044,10714556,10723477
31460,"Madera, CA (Metropolitan Statistical Area)",6023623,6027876,6244195,6240107,6410911,6140436
31540,"Madison, WI (Metropolitan Statistical Area)",47412823,49252686,50639094,49423935,52099292,53015788
31700,"Manchester-Nashua, NH (Metropolitan Statistical Area)",25959140,26455143,27030133,26988108,29685180,30015576
31740,"Manhattan, KS (Metropolitan Statistical Area)",7189918,7104990,6861437,6859746,7097690,7080608
31860,"Mankato, MN (Metropolitan Statistical Area)",5561722,5646562,5622012,5400801,5560800,5643086
31900,"Mansfield, OH (Metropolitan Statistical Area)",4544336,4591106,4596440,4413506,4599067,4582406
32580,"McAllen-Edinburg-Mission, TX (Metropolitan Statistical Area)",20721197,21184628,21796318,21420961,22496207,22818175
32780,"Medford, OR (Metropolitan Statistical Area)",9087979,9236535,9383009,9381689,10014915,10021222
32820,"Memphis, TN-MS-AR (Metropolitan Statistical Area)",75341736,75977096,76608304,75770941,79423586,79072075
32900,"Merced, CA (Metropolitan Statistical Area)",9136656,9152693,9229029,9094702,9236208,9251611
33100,"Miami-Fort Lauderdale-Pompano Beach, FL (Metropolitan Statistical Area)",346955899,359852689,365639679,353476756,390532653,409478365
33140,"Michigan City-La Porte, IN (Metropolitan Statistical Area)",4105788,4231110,4120823,3990212,4197586,4177727
33220,"Midland, MI (Metropolitan Statistical Area)",5482023,5520755,5351030,5689344,5840210,5978041
33260,"Midland, TX (Metropolitan Statistical Area)",21889250,27561089,33733578,31463771,31008685,30539430
33340,"Milwaukee-Waukesha, WI (Metropolitan Statistical Area)",99281237,100842067,102444804,98378280,102631128,103659777
33460,"Minneapolis-St. Paul-Bloomington, MN-WI (Metropolitan Statistical Area)",257849094,265734698,269646870,261228949,273794178,277602263
33540,"Missoula, MT (Metropolitan Statistical Area)",5530699,5598430,5759384,5743155,6373555,6517231
33660,"Mobile, AL (Metropolitan Statistical Area)",20576160,20912705,21226460,21415829,22277342,22789935
33700,"Modesto, CA (Metropolitan Statistical Area)",22191928,22810079,23293606,22610630,23527205,23457778
33740,"Monroe, LA (Metropolitan Statistical Area)",8330804,8467890,8203928,7969520,7971955,8113217
33780,"Monroe, MI (Metropolitan Statistical Area)",5999722,5880549,5928026,5597580,5738150,5708370
33860,"Montgomery, AL (Metropolitan Statistical Area)",18161538,18181259,18293634,17873910,18385455,18846094
34060,"Morgantown, WV (Metropolitan Statistical Area)",7846985,7912910,7661637,7593789,7919011,7928137
34100,"Morristown, TN (Metropolitan Statistical Area)",5112106,5072997,5197979,5204264,5553067,5674053
34580,"Mount Vernon-Anacortes, WA (Metropolitan Statistical Area)",6537005,6635744,6669840,6679499,6730598,6468582
34620,"Muncie, IN (Metropolitan Statistical Area)",4030138,4096420,4128420,4029329,4164411,4319738
34740,"Muskegon, MI (Metropolitan Statistical Area)",5986522,6085095,6118683,5901734,6155453,6229824
34820,"Myrtle Beach-Conway-North Myrtle Beach, SC-NC (Metropolitan Statistical Area)",17915888,18299683,18661012,18942813,20126573,20937663
34900,"Napa, CA (Metropolitan Statistical Area)",10996519,11046992,10987735,10386964,11381396,11316575
34940,"Naples-Marco Island, FL (Metropolitan Statistical Area)",18972217,19603770,20295361,20239264,22806993,23677213
34980,"Nashville-Davidson--Murfreesboro--Franklin, TN (Metropolitan Statistical Area)",130549166,134555744,139494691,138392978,153009022,162594773
35100,"New Bern, NC (Metropolitan Statistical Area)",5397061,5282920,5485766,5334062,5605089,5491723
35300,"New Haven-Milford, CT (Metropolitan Statistical Area)",49698505,50711147,51494190,49996059,52016888,52659909
35380,"New Orleans-Metairie, LA (Metropolitan Statistical Area)",78225064,78131482,79367490,72861022,75211932,73997505
35620,"New York-Newark-Jersey City, NY-NJ-PA (Metropolitan Statistical Area)",1714074302,1766287427,1803714884,1740098412,1823942483,1870252821
35660,"Niles, MI (Metropolitan Statistical Area)",7684118,7498236,7329099,7508467,7479801,7380206
35840,"North Port-Sarasota-Bradenton, FL (Metropolitan Statistical Area)",34411905,36196323,37667744,37803250,40234292,41803908
35980,"Norwich-New London, CT (Metropolitan Statistical Area)",18942592,19248308,19209683,17957743,18262159,18792350
36100,"Ocala, FL (Metropolitan Statistical Area)",9763722,10173070,10291593,10698622,11457254,11682542
36140,"Ocean City, NJ (Metropolitan Statistical Area)",5398534,5417247,5335222,5221427,5557387,5466023
36220,"Odessa, TX (Metropolitan Statistical Area)",10478298,12490648,13040470,10954580,10605581,11363572
36260,"Ogden-Clearfield, UT (Metropolitan Statistical Area)",27303694,28783152,30087730,30861702,32136336,32288405
36420,"Oklahoma City, OK (Metropolitan Statistical Area)",74418907,77046911,78352643,75889236,76593029,76111376
36500,"Olympia-Lacey-Tumwater, WA (Metropolitan Statistical Area)",12907242,13734622,14060838,13747480,14725118,15179737
36540,"Omaha-Council Bluffs, NE-IA (Metropolitan Statistical Area)",64329518,65706869,66511603,65479048,68300165,72581565
36740,"Orlando-Kissimmee-Sanford, FL (Metropolitan Statistical Area)",136223280,141200311,146135192,140067077,156475297,165757392
36780,"Oshkosh-Neenah, WI (Metropolitan Statistical Area)",10256853,10515988,10856396,10683815,10899145,10843847
36980,"Owensboro, KY (Metropolitan Statistical Area)",5844583,5743200,5739439,5602414,5613842,5619140
37100,"Oxnard-Thousand Oaks-Ventura, CA (Metropolitan Statistical Area)",50165884,50754467,51639533,51144528,52906964,52689371
37340,"Palm Bay-Melbourne-Titusville, FL (Metropolitan Statistical Area)",24133063,25244764,26348425,26587950,29191295,30082101
37460,"Panama City, FL (Metropolitan Statistical Area)",8391383,8572539,8658254,8771093,9501883,9794242
37620,"Parkersburg-Vienna, WV (Metropolitan Statistical Area)",3610428,3680020,3537875,3514673,3672676,3644616
37860,"Pensacola-Ferry Pass-Brent, FL (Metropolitan Statistical Area)",20210863,20439612,20848405,20884004,22330360,22765668
37900,"Peoria, IL (Metropolitan Statistical Area)",21777992,22340533,21513254,20060453,20928148,22041676
37980,"Philadelphia-Camden-Wilmington, PA-NJ-DE-MD (Metropolitan Statistical Area)",425373943,432303107,436749140,419662826,437550234,444998545
38060,"Phoenix-Mesa-Chandler, AZ (Metropolitan Statistical Area)",246068032,257410455,269599619,272794254,296340472,308214853
38220,"Pine Bluff, AR (Metropolitan Statistical Area)",3510237,3436911,3395529,3208750,3390739,3311025
38300,"Pittsburgh, PA (Metropolitan Statistical Area)",150697726,154324237,155924635,147494188,152964506,153329563
38340,"Pittsfield, MA (Metropolitan Statistical Area)",7025430,7117760,6998340,6766260,6896795,6927750
38540,"Pocatello, ID (Metropolitan Statistical Area)",3168627,3222781,3293509,3351225,3373520,3550277
38860,"Portland-South Portland, ME (Metropolitan Statistical Area)",31325495,32448041,33034941,33896554,36340168,37516986
38900,"Portland-Vancouver-Hillsboro, OR-WA (Metropolitan Statistical Area)",155831974,162729750,166879269,165137716,174790074,177817816
38940,"Port St. Lucie, FL (Metropolitan Statistical Area)",16744001,17315295,17465492,18443057,19125641,20002318
39100,"Poughkeepsie-Newburgh-Middletown, NY (Metropolitan Statistical Area)",32061816,32619657,34272601,33252799,34787649,35904363
39150,"Prescott Valley-Prescott, AZ (Metropolitan Statistical Area)",7229041,7345912,7388378,7450732,8087008,8092110
39300,"Providence-Warwick, RI-MA (Metropolitan Statistical Area)",84627951,84716700,86512507,83975024,88228619,89463726
39340,"Provo-Orem, UT (Metropolitan Statistical Area)",25475443,27586380,30110498,31474478,34029795,35293781
39380,"Pueblo, CO (Metropolitan Statistical Area)",5971695,6176243,6417332,6179360,6616075,6510540
39460,"Punta Gorda, FL (Metropolitan Statistical Area)",5181236,5363641,5658676,5983852,6234758,6475991
39540,"Racine, WI (Metropolitan Statistical Area)",8168961,8307502,8287192,8326223,8430514,8389160
39580,"Raleigh-Cary, NC (Metropolitan Statistical Area)",84942031,89495451,92341921,92736334,100642564,104168430
39660,"Rapid City, SD (Metropolitan Statistical Area)",6285618,6389384,6514959,6676205,6908225,7039321
39740,"Reading, PA (Metropolitan Statistical Area)",20118171,20374240,20313332,19600626,20082366,20098819
39820,"Redding, CA (Metropolitan Statistical Area)",8147396,7889537,8349619,8133732,8172559,8126075
39900,"Reno, NV (Metropolitan Statistical Area)",29361104,28776037,29840002,30088205,32927151,33592812
40060,"Richmond, VA (Metropolitan Statistical Area) *",84500969,86528275,88497657,86961163,91241142,93614928
40140,"Riverside-San Bernardino-Ontario, CA (Metropolitan Statistical Area)",171203284,177211054,184662178,182563278,193689715,195808085
40220,"Roanoke, VA (Metropolitan Statistical Area) *",15918924,16183704,16072741,15737137,16634246,16911197
40340,"Rochester, MN (Metropolitan Statistical Area)",13102093,13555688,13848335,13672605,14128823,14230336
40380,"Rochester, NY (Metropolitan Statistical Area)",61031225,61352704,63572840,60832206,63207319,64229725
40420,"Rockford, IL (Metropolitan Statistical Area)",15826773,16253918,16161341,14490425,14904989,15370676
40580,"Rocky Mount, NC (Metropolitan Statistical Area)",7016832,6669395,6360941,6457270,6724348,6743284
40660,"Rome, GA (Metropolitan Statistical Area)",4173443,4148705,4087017,3919567,4138165,4188604
40900,"Sacramento-Roseville-Folsom, CA (Metropolitan Statistical Area)",131157393,136933816,141690024,138496151,146940779,149614056
40980,"Saginaw, MI (Metropolitan Statistical Area)",8198898,8459769,8429628,8247600,8783209,8854522
41060,"St. Cloud, MN (Metropolitan Statistical Area)",10581206,10676022,10581367,10400127,10531622,10660374
41100,"St. George, UT (Metropolitan Statistical Area)",6234717,6619509,6886456,7219195,7853248,7944998
41140,"St. Joseph, MO-KS (Metropolitan Statistical Area)",6080876,5960083,5978068,5852448,5853623,5693298
41180,"St. Louis, MO-IL (Metropolitan Statistical Area)",164415211,166573763,169262441,165804478,175042138,178656591
41420,"Salem, OR (Metropolitan Statistical Area)",17085587,18039924,18591630,18550497,19730167,20221243
41500,"Salinas, CA (Metropolitan Statistical Area)",25923476,26770519,27426311,26964076,27192351,26728936
41540,"Salisbury, MD-DE (Metropolitan Statistical Area)",21115455,21627958,22495198,21578029,23200229,23829827
41620,"Salt Lake City, UT (Metropolitan Statistical Area)",91954184,97160079,102823183,102522704,111487331,113077475
41660,"San Angelo, TX (Metropolitan Statistical Area)",6333829,6668905,7301861,7316870,7351026,7372583
41700,"San Antonio-New Braunfels, TX (Metropolitan Statistical Area)",118925670,124531674,128536316,127093787,134072963,140363477
41740,"San Diego-Chula Vista-Carlsbad, CA (Metropolitan Statistical Area)",224767520,230518588,236250458,232701672,250063598,257341197
41860,"San Francisco-Oakland-Berkeley, CA (Metropolitan Statistical Area)",526582864,560553451,590717591,591150074,655887146,654730737
41940,"San Jose-Sunnyvale-Santa Clara, CA (Metropolitan Statistical Area)",282663484,304610321,320852934,341921437,388071094,385011200
42020,"San Luis Obispo-Paso Robles, CA (Metropolitan Statistical Area)",16779957,17200943,17239485,16943323,17484003,17761567
42100,"Santa Cruz-Watsonville, CA (Metropolitan Statistical Area)",13941610,14363961,15339913,15222100,16385408,16408162
42140,"Santa Fe, NM (Metropolitan Statistical Area)",6940839,7088694,7137712,6698952,7327711,7477089
42200,"Santa Maria-Santa Barbara, CA (Metropolitan Statistical Area)",27474155,28505410,28901426,29367094,31365482,31147307
42220,"Santa Rosa-Petaluma, CA (Metropolitan Statistical Area)",28853518,30213474,30422053,29521868,31391109,31368529
42340,"Savannah, GA (Metropolitan Statistical Area)",21178366,21468332,22165027,21701199,23648248,24499860
42540,"Scranton--Wilkes-Barre, PA (Metropolitan Statistical Area)",26658860,26778970,27148409,25901903,26796780,26657427
42660,"Seattle-Tacoma-Bellevue, WA (Metropolitan Statistical Area)",368193333,395709089,417984875,419746126,451641468,462254671
42680,"Sebastian-Vero Beach, FL (Metropolitan Statistical Area)",6355422,6668941,6828186,6937570,7895295,7901043
42700,"Sebring-Avon Park, FL (Metropolitan Statistical Area)",2482118,2420183,2564490,2453455,2513431,2666455
43100,"Sheboygan, WI (Metropolitan Statistical Area)",7028622,7126252,6985730,6835019,6975399,6777935
43300,"Sherman-Denison, TX (Metropolitan Statistical Area)",4703414,4970642,4989540,4874197,5225085,5325544
43340,"Shreveport-Bossier City, LA (Metropolitan Statistical Area)",20077806,20687072,21298035,20070559,20807215,20576057
43420,"Sierra Vista-Douglas, AZ (Metropolitan Statistical Area)",4585054,4589727,4693345,4987234,4878561,4855020
43580,"Sioux City, IA-NE-SD (Metropolitan Statistical Area)",8106261,8464099,8536663,8465810,9092353,9094876
43620,"Sioux Falls, SD (Metropolitan Statistical Area)",22154738,21889463,22770866,21966538,23095755,22603731
43780,"South Bend-Mishawaka, IN-MI (Metropolitan Statistical Area)",14674694,15340527,15712138,14793552,15520962,16094754
43900,"Spartanburg, SC (Metropolitan Statistical Area)",14976954,15365922,16118773,15726873,16500704,16727329
44060,"Spokane-Spokane Valley, WA (Metropolitan Statistical Area)",25479986,26764528,27522137,27715833,29994778,30011183
44100,"Springfield, IL (Metropolitan Statistical Area)",11297434,11623760,11676554,10904258,11545110,11742489
44140,"Springfield, MA (Metropolitan Statistical Area)",32559931,32901263,33540389,32648107,33684892,33750458
44180,"Springfield, MO (Metropolitan Statistical Area)",19677536,20071555,20718234,20331696,21815653,22232799
44220,"Springfield, OH (Metropolitan Statistical Area)",4661428,4620583,4702941,4466629,4650364,4670033
44300,"State College, PA (Metropolitan Statistical Area)",8878239,8807131,8867458,8528261,8799416,8927762
44420,"Staunton, VA (Metropolitan Statistical Area) *",5064115,5135189,5150015,4919741,5140168,5295475
44700,"Stockton, CA (Metropolitan Statistical Area)",29141656,30299585,31216949,30957345,33356039,32624193
44940,"Sumter, SC (Metropolitan Statistical Area)",4688263,4838506,4931943,4774230,4934570,4837486
45060,"Syracuse, NY (Metropolitan Statistical Area)",39834482,39856281,41019276,39843117,40906463,41061053
45220,"Tallahassee, FL (Metropolitan Statistical Area)",17109018,17171301,17533225,17233905,18305647,19154194
45300,"Tampa-St. Petersburg-Clearwater, FL (Metropolitan Statistical Area)",152661007,158044077,163322298,165493071,179026658,187733776
45460,"Terre Haute, IN (Metropolitan Statistical Area)",7517874,7493200,7463320,7346568,7868630,8045938
45500,"Texarkana, TX-AR (Metropolitan Statistical Area)",5453731,5422156,5426987,5402870,5497979,5501149
45540,"The Villages, FL (Metropolitan Statistical Area)",3208200,3392818,3769715,3829805,4464154,4810632
45780,"Toledo, OH (Metropolitan Statistical Area)",35347722,35981768,37279062,34834732,37442281,36662885
45820,"Topeka, KS (Metropolitan Statistical Area)",11518399,11852731,11634466,11812597,12179736,12287611
45940,"Trenton-Princeton, NJ (Metropolitan Statistical Area)",32454071,33563841,37149619,37990291,40960366,42923608
46060,"Tucson, AZ (Metropolitan Statistical Area)",42330595,43891349,45085532,44978084,47065575,47959709
46140,"Tulsa, OK (Metropolitan Statistical Area)",51636504,53149908,53148398,50271270,52192047,51030537
46220,"Tuscaloosa, AL (Metropolitan Statistical Area)",11192692,11222678,11853491,11246406,11281341,11090441
46300,"Twin Falls, ID (Metropolitan Statistical Area)",4697778,4880650,4987157,5130187,5329506,5444612
46340,"Tyler, TX (Metropolitan Statistical Area)",10500988,11028005,11421754,11144056,11615626,12000949
46520,"Urban Honolulu, HI (Metropolitan Statistical Area)",65758319,66029819,65648269,59885935,62531675,63071690
46540,"Utica-Rome, NY (Metropolitan Statistical Area)",12412079,12588500,12948051,12608471,12744604,12813773
46660,"Valdosta, GA (Metropolitan Statistical Area)",5414001,5518372,5707862,5726436,5926316,5843948
46700,"Vallejo, CA (Metropolitan Statistical Area)",22725056,25846912,29784508,30144992,30523673,28736277
47020,"Victoria, TX (Metropolitan Statistical Area)",4562994,4866382,4746446,4567831,4773799,4867121
47220,"Vineland-Bridgeton, NJ (Metropolitan Statistical Area)",6267992,6439811,6441352,6183632,6426886,6475732
47260,"Virginia Beach-Norfolk-Newport News, VA-NC (Metropolitan Statistical Area) *",94944863,93851780,94854065,94096148,98382273,100255099
47300,"Visalia, CA (Metropolitan Statistical Area)",17426838,17686115,18501702,18133092,18291332,18098172
47380,"Waco, TX (Metropolitan Statistical Area)",12732714,13262378,13079824,12626527,13317838,13738578
47460,"Walla Walla, WA (Metropolitan Statistical Area)",3407116,3451733,3469095,3238194,3305840,3417318
47580,"Warner Robins, GA (Metropolitan Statistical Area)",7641333,7759664,8023683,7989580,8285062,8405383
47900,"Washington-Arlington-Alexandria, DC-VA-MD-WV (Metropolitan Statistical Area) *",528925008,542396309,551770316,543129300,569554283,580495879
47940,"Waterloo-Cedar Falls, IA (Metropolitan Statistical Area)",9420056,9586012,9506375,9493121,10151405,9914136
48060,"Watertown-Fort Drum, NY (Metropolitan Statistical Area)",6422238,6376427,6361905,6162157,6333785,6340740
48140,"Wausau-Weston, WI (Metropolitan Statistical Area)",9711554,9907300,10361766,9820191,10111880,10046367
48260,"Weirton-Steubenville, WV-OH (Metropolitan Statistical Area)",5267564,5307538,5437583,5502833,5378564,5096340
48300,"Wenatchee, WA (Metropolitan Statistical Area)",6353998,6436263,6483516,6407321,6669335,6804146
48540,"Wheeling, WV-OH (Metropolitan Statistical Area)",9583402,9651377,9628498,9262538,8864464,8487725
48620,"Wichita, KS (Metropolitan Statistical Area)",35871059,35828911,36501383,35122043,36019714,37145061
48660,"Wichita Falls, TX (Metropolitan Statistical Area)",5924040,6051825,6267961,6150157,6170319,6301864
48700,"Williamsport, PA (Metropolitan Statistical Area)",5836494,5801131,5766772,5610828,5663667,5556207
48900,"Wilmington, NC (Metropolitan Statistical Area)",14061718,14486767,15181317,15191491,16553478,17014942
49020,"Winchester, VA-WV (Metropolitan Statistical Area) *",6864875,7003310,7192529,7275035,7665904,7677814
49180,"Winston-Salem, NC (Metropolitan Statistical Area)",34907504,34182092,34801535,32387591,34268692,35090570
49340,"Worcester, MA-CT (Metropolitan Statistical Area)",47239000,48099536,48942928,47842426,50143755,51132869
49420,"Yakima, WA (Metropolitan Statistical Area)",9986455,10545549,10696037,10523373,10676322,10476526
49620,"York-Hanover, PA (Metropolitan Statistical Area)",21304241,21335230,21554288,20545120,21095422,21185253
49660,"Youngstown-Warren-Boardman, OH-PA (Metropolitan Statistical Area)",20570339,20514155,20930410,19772228,20398971,20599165
49700,"Yuba City, CA (Metropolitan Statistical Area)",6342091,6679728,6781174,6740300,7014656,7016297
49740,"Yuma, AZ (Metropolitan Statistical Area)",7543432,7522243,7747758,7516153,7658882,8137550
